-- MySQL dump 10.16  Distrib 10.3.10-MariaDB, for Win64 (AMD64)
--
-- Host: uuboyscymysql.clrhltpp3icl.ap-northeast-1.rds.amazonaws.com    Database: food
-- ------------------------------------------------------
-- Server version	5.6.40-log

/*!40101 SET @OLD_CHARACTER_SET_CLIENT=@@CHARACTER_SET_CLIENT */;
/*!40101 SET @OLD_CHARACTER_SET_RESULTS=@@CHARACTER_SET_RESULTS */;
/*!40101 SET @OLD_COLLATION_CONNECTION=@@COLLATION_CONNECTION */;
/*!40101 SET NAMES utf8 */;
/*!40103 SET @OLD_TIME_ZONE=@@TIME_ZONE */;
/*!40103 SET TIME_ZONE='+00:00' */;
/*!40014 SET @OLD_UNIQUE_CHECKS=@@UNIQUE_CHECKS, UNIQUE_CHECKS=0 */;
/*!40014 SET @OLD_FOREIGN_KEY_CHECKS=@@FOREIGN_KEY_CHECKS, FOREIGN_KEY_CHECKS=0 */;
/*!40101 SET @OLD_SQL_MODE=@@SQL_MODE, SQL_MODE='NO_AUTO_VALUE_ON_ZERO' */;
/*!40111 SET @OLD_SQL_NOTES=@@SQL_NOTES, SQL_NOTES=0 */;

--
-- Table structure for table `membersInfo`
--

DROP TABLE IF EXISTS `membersInfo`;
/*!40101 SET @saved_cs_client     = @@character_set_client */;
/*!40101 SET character_set_client = utf8 */;
CREATE TABLE `membersInfo` (
  `userID` varchar(45) NOT NULL,
  `name` varchar(40) NOT NULL,
  `tel` varchar(20) DEFAULT NULL,
  `email` varchar(45) DEFAULT NULL,
  `photo` longblob,
  `qrcode` longblob,
  PRIMARY KEY (`userID`)
) ENGINE=InnoDB DEFAULT CHARSET=latin1;
/*!40101 SET character_set_client = @saved_cs_client */;

--
-- Dumping data for table `membersInfo`
--

LOCK TABLES `membersInfo` WRITE;
/*!40000 ALTER TABLE `membersInfo` DISABLE KEYS */;
INSERT INTO `membersInfo` VALUES ('U0fe5e2ddf71a138b6e21d4a970592127','????',NULL,NULL,NULL,'PNG\r\n\Z\n\0\0\0\rIHDR\0\0W\0\0W\0\0\0\0>J0\0\04IDATx0D\02Іș@p*\0kjdCׯ@(`\Zk\ZkI\'\0$I<M%	cGPǶd@ҵ1kkHz8$;f&y?yNC$jr\'f0f3HjWc{\0\\\0 ,UĔyzoŎ$H@yBJ}V:\'i|n\niU	@>RU^S^W\ZRYmP3I*/w)ѽf\0$5`+}U>pM0)e>f,b٩i5uNc(yYx\"Q]<˥%-iͳV&\05|<CʋR[J5Y<ҳY^T(5X};b;z8tH]$R,~˶d\Z<d<5/{z8|nΉliRg|&jj\rps>\"l{\0\0	M\0Ä|[wc5Xc5Xcؿs-\0\0\0\0IENDB`'),('U19a0dc2519f15c625ea764802cd62202','Kevin/??',NULL,NULL,NULL,'PNG\r\n\Z\n\0\0\0\rIHDR\0\0W\0\0W\0\0\0\0>J0\0\03IDATxAn@D%ؑLn6\r77vX/;?\n--JJ_\Zk\Zk\Zv\"I\na6$6;$\083p~%)nawlOD\0yN(Sa_l1ϜxxuZ4h$eSg~!WZ$2\r\0GIoa-g7%0uUg\"(&B\Z\0[fWb4Էc)Ep\Zg?SՓOs>7uDma\'D1CSg#n}(.u:{ꈞvL2a9\0SJ\0R:ُT#\0wto>]N	($EhD!6L9ͅRBi5gRRy~[O\0h;/Ͼjրpu;g^&V;sPmG{O.,(ma|\\%uK!-gfO.:yjvyz/~w}5lG^z\"_\rvu7Xc5Xc5]7{Tz\0\0\0\0IENDB`'),('U1e91bf35eb5315bc17da624e46a65c51','??',NULL,NULL,NULL,'PNG\r\n\Z\n\0\0\0\rIHDR\0\0r\0\0r\0\0\0\0_l\0\0mIDATxA0E_EYaGQ,fQ\0{9 vw4C<N;T-mŇO%l3}\nwywO \0.S(I\Z. A[81?0ubǹ+ỻgA!B8-ﯘ^dĴ翆%\r]vTkRCy8fcz|SMGI)Ȑ4k=翂+ܩ-[!f+=8OY^*_b)C8Ջ$\rϦQs>e>7; ZedI|;q,وo/bPιSHϦ6jvTٞi̓2YCG<͹4ލMv/`Z@_2Z,$WX\n%b)jS|XRo]<AU޼kE!e\\nR_LJqq\0^Q:~F/m;2k%wk]??I:q;iT;y6?Z%nKk\ruO׿vyw_wUJl\0\0\0\0IENDB`'),('U26c1d062b5768c0ab8721698973d67b1','Gregory',NULL,NULL,NULL,'PNG\r\n\Z\n\0\0\0\rIHDR\0\0r\0\0r\0\0\0\0_l\0\0IDATxI0Et GV74`-R	b4P<R4ɘ\Z|wyw=j1T\r+q^|BH{KkҊ\0:z;PXofz-i1];9ov!TO_^R3uym=߇Gaa I;ʉ9;\nf}?~! [G/D+q^|9HIԔ-sj	UA#grnl<snW^WSd]Eo=Y@a´ǂ@AlWwk|jd\\0#U74eGñI\'#dٝK|8\'\\ljϵ|{a~K8v\r0֯bja]=߅_k9VǸngcKJRfS#V}KH2Sr^E/,HtT3\\J/:Cmu~2^9ΓпGb.Wv8uz·7\ZŠZ\',-\\zϦWo/ i`A_$v~iB&r&ur=;;?\0ej7\0\0\0\0IENDB`'),('U2dd03f0598a942d9050eea3c4676f85d','Ching Ho',NULL,NULL,NULL,'PNG\r\n\Z\n\0\0\0\rIHDR\0\0W\0\0W\0\0\0\0>J0\0\0EIDATxA@Ew;RoF(	((MP@_\nFc5Xc5Xc5vlO<$7[^\0$jvBu$QR	F%)İcd3Bd_=yY>٤ ӱeȿق,~-z2DJugV¶$W&\'\0I^Wgo10[<=5\0n\"oE\\NX&$N%J5BTg=C{NsKjRS߬S$5^@b}7pͪvO\0ߚ\n\rh⊞Hs{c_z\0\0p|MLU>,5\0\Z_\"TQj4Zl KK@W^>w,D\'\0<}!Kj 7G,ޫWa5@Zfzδ\084\'8\0~%-w5|?/\0nH{MX&nu\r*ơ繺=l׳@T#D mXj1yIprLu7Xc5Xc5\r_RM#	\0\0\0\0IENDB`'),('U3635a6a27c2907e7e6f1cf2d8dd41a0c','Hsieh',NULL,NULL,NULL,'PNG\r\n\Z\n\0\0\0\rIHDR\0\0W\0\0W\0\0\0\0>J0\0\0(IDATxA0E_-sf*sMxd^1AS@oQ*-L|W:|guYguYguv\\Nx6kj[I#֚Qa\r`QXL4id#Ĝ\n1B^uSWgVA矿 >-mTÎZji5mZ؋\0<oX>eQf\nkjVҁK>Lov5섽\ZQZD\ZYA_kPwڒܳ\0,{9`\nS:[v\Zޝ\ZMA}#HQ_kVNPQmyLa;gZ	je$ϞkmJ94?:٥L7|L}& Ms<{ϊ=]#SuV]K/[@t{3&1\'g\Z6VZԑ=07SPg<tVNarVZ{6OBc\n{z\Z;Ѵz@gsZ>[ioRw&|D;묳:묳:[n(.\0\0\0\0IENDB`'),('U400b95f5a7d6cb62ef336f96b26de6dd','???',NULL,NULL,NULL,'PNG\r\n\Z\n\0\0\0\rIHDR\0\0W\0\0W\0\0\0\0>J0\0\0\'IDATxM0H&fف\\py\nDӵEտ6~*m~\Zk\Zk\Zk\nIr33\0Ia1VǶJ{%au>4gw .vQV^\\Sx\r+d/pmh\Z5D)phs}g~$\'Y$qqNM$[Іu8trbq6際pR@sBxԏ{YQ$JJ67떔kz\r,Eg+BRF/3͊_ꬡͩF߬/h3Ŵ,kL\0ۧBid=n.]DiJ}(hsg{#G3z4i*sh3`$8n{.o*;q>5l}Ϥp,ճ\'wUוFR\Z\0g\0\0`Mqkfw\'\0P.\nnA{\0Y7J#%\0-kp;`gq|۾D)q\02\07oUS}Ak\Zk\ZkpBi\0\0\0\0IENDB`'),('U57dae482fd0d30eddb584a0e3e69d7fd','???',NULL,NULL,NULL,'PNG\r\n\Z\n\0\0\0\rIHDR\0\0W\0\0W\0\0\0\0>J0\0\0*IDATxm@E_\r7A;\rgL6	Π}c$`W>\ZmJ_U&*:묳:묳:dffO,Ű;6HG,IRwYcКhdcF];;cCh,>+mTg>1]MI1!Gig~6?eff\0F51샽BRמgkd6OdϴLǧŰv9kԒ\n!$z֢M2\rvnJWyi%4׭=;óoT9vPI\n垭t9@3MJTQI#SֹgWZxJ;\nA}#2πjյTC-%--&ʜYfob>Dm$)Eݳ+-<4<|2J5;\0mk8fͿN@ƁNV!?U=;iLe|ڳl9|ժMr,4ܳ>\0F.\0g7d:묳:묳w\"!\0\0\0\0IENDB`'),('U5dc989d65f1897bd44fcbd415b47e164','??',NULL,NULL,NULL,'PNG\r\n\Z\n\0\0\0\rIHDR\0\0W\0\0W\0\0\0\0>J0\0\0=IDATxA0D [sr3M\rfA:t4ӛ!AkST*o~*%?Fc5Xc5Xc5v@LБO\0Ia3c$NuN5@I*7;!񔇴hx򴩇]C5G	/C_8UzIisD}@*՛zۑ$,$zf*!)\"_;{oe2[kYIe1E/QR.zlÂiaq[`tspt@zD?/d<;J̦2T]7},\0W@*Ijm|eoJc3)\0.Vgk٣4NceU̐kL<X	Tbo3}Ypї\0zs|5ۯ\nIw\0sE_bgk=l8\0\0oHn1b\0TAjz>j`LۙOX/az;0-|\nb*<^H,^7g$ˉ=x	g67\Zk\ZkwonGHV\0\0\0\0IENDB`'),('U6d22d8292171bb2cfd96d2b9ef5383a9','???',NULL,NULL,NULL,'PNG\r\n\Z\n\0\0\0\rIHDR\0\0W\0\0W\0\0\0\0>J0\0\01IDATxM0㑜]Mlnnn`vAJ\\oaÄG\nDk|Rn#_(**nEDk\0jC	ykI\0hO\";I+z{	^&4Y]FS$cۅyk{t,,I8\0|BOYYDPF׃\"\"=lU]H@3yvѵ6Ѱ Gc2#p\r쎵>u3t{1z]`=dQ9;4!Tf<afX<U_h/\0?G}#pɌp\'|\\j\0`F8E5fugLe>gum#\0j̭\0\Z\'Z7{c\rё:k<r4t,d`9htsy&u@\0@8]5gY2p{pt^FGyr+2YWl~w{\rFZ6Ŭr[BɺHͳ׬aD$*M>ehq޽;Y:Ӿb˻YKٽD뮬**0#0\0\0\0\0IENDB`'),('U7173dc299af6ac3fe7697a75c2a280ad','\\u65bd\\u4e1e\\u512a',NULL,NULL,NULL,'PNG\r\n\Z\n\0\0\0\rIHDR\0\0W\0\0W\0\0\0\0>J0\0\0&IDATx@E_\0g!0l(6̈́goXa.5FP*w÷QpYguYguYgwffvȎ̬~ZcsIb<rS6$5OawŬ&/>FSc%;&V5*WgLL6X4dCޕBM,$bzx_)	df|6SÔm|v-,Md\'!Nob	;gmUOPHVZWEK}\\3dCsн6(JR}ydj}>ÐXd=e\r}VHuD 775J)^ +}X4lK)2	n%l٬A\0@l/|>[k31gSjنTCޕMHjf&`A+RsIi3ٖYO?lh#gIwyOWBlE?Yϴۺo^\rOh4:jeck:묳:묳w\\5zy\0\0\0\0IENDB`'),('U7cb420838034721c73198cf46a9fb195','\\u7acb\\u6615',NULL,NULL,NULL,'PNG\r\n\Z\n\0\0\0\rIHDR\0\0W\0\0W\0\0\0\0>J0\0\0.IDATxM0_ő̎sflEKDY!446ATz*m6\n(**`Gٍ?HX-˓_O~T/Oǰa	E/0Valw\02l:EzbMo,X4XP\r$/D~x_=\0`Lzv/+	^gfE=MͳG]>2X2Bi?{Хz\0\0mM=ӕga*Q/k2h?+\0M\'/ܣwWa#|Ve]{F\narPgzaM_\rE͞J.읲!F=<bJ08bδYÄc$g]2F؛fDV׀͵Ylpyk-\Z,}6}&z\r\0.Y_V]k)kIc4!UDiYsQ&tu#5ϾfM ̦{1q:\0l:ËNe:o6g^5gyZ{x]YeUVYeUVYe;|v\n	\0\0\0\0IENDB`'),('U7d56a120b59383802416bde5192f0adb','???derlichan',NULL,NULL,NULL,'PNG\r\n\Z\n\0\0\0\rIHDR\0\0W\0\0W\0\0\0\0>J0\0\03IDATx͍@ܖ\'&\rRLڙ0\rK@ccwxzz]?Sc0Xc5Xc5Xc$n\0KKV$IVp86$|:/Uc\rc[ڼNå\'05.FjvᷳoN5&$ϚjrgDH\0p{I~X1eVT|lֲ6$\"F=g\r\0Fd7?jYzB,ϋ2bl^WM:%7gف@3|\re~ppv>F8~vOY\0Kml=V\0q9Jo8}E[\ralUOisϤX\"g^i!B=B}f=[\Z\Zy\0,7ңz DT?)kPTJ9BVA{Zu>ݟ5!ڜ*}֤3?XnnܳY@Z_Zfmzk$ klζzi\0)>g6X4hu7Xc5Xc5,2c\0\0\0\0IENDB`'),('U8b575a120d53d40ad98617d52a1ba9b4','???',NULL,NULL,NULL,'PNG\r\n\Z\n\0\0\0\rIHDR\0\0W\0\0W\0\0\0\0>J0\0\03IDATxM@ȮsrwnBn\0;B[@~&D<&V Erm\nJ_o\Zk\Zk\Zv$I~$fu$I2.a%,4K%5\0\\ JRUDvd-B)o`$wzX\'w(\rۢ5+dksOfYv I菻:$zX{ɳs*)˳nՠzjT|kPTHNmqit,uZl^]U$^ej1%$\0\"OZ=Ș\\JM1nP-alv~\0|%B \0\\jYmQǄhjRj\nʞѷk}9ruE_\nc D`ఙޖEZI%{Ag9tIM\Z]i_`lUO\ZHn\ZOv6鶞Ԅ\0L\'\nt%Rr^6\rN-p^ЅL͛۟I-z sճyxtwo%I\r\0mC,fhk\Zk\ZkLNa\0\0\0\0IENDB`'),('U9a1715c6ffdf0ef2ffe148726d336011','Yiying',NULL,NULL,NULL,'PNG\r\n\Z\n\0\0\0\rIHDR\0\0r\0\0r\0\0\0\0_l\0\0fIDATxK@@Ɔ,(Q}B*Izz -e@(?׏p>>ƋK@sv=PQUUNU@҂]EW?sIztO*W\"?%3\":;X}ߗ/Iy_M:~T%m1X}߇we;$7{~XH}ߗy#jD$/rK_҇uz>SJxSz%L+j1[2謫a}aPu_@ʝmv3tu\rY}kY]R>P(U1//<$_P7xi>}XkǼӥv:GN]}Qj_Ia};]|F5Z66PQ6okVNeyD(8?;Ypk:M65\rgM۸0?iMh7hu/4ImacIfP}߇ޯO\n,C 	r	/xON\n̬#خV$GsԿQ?o)w| ff\0\0\0\0IENDB`'),('U9dfb30bda156b01ce822ca67d4282927','???',NULL,NULL,NULL,'PNG\r\n\Z\n\0\0\0\rIHDR\0\0W\0\0W\0\0\0\0>J0\0\0.IDATxA0E]W87!70;RH=bBxJ%!~*UVYeUVYeUV7y\0ԉ\rc-IvE;pm\ZJlJ\\#Q^Wdo\neëgק;p4v$)&\0\"93/٫\0LRED~h1{QkI\0\0.z.jR3+SQz,چuintwI_1zf<z\0@ssCuS+F_563\0`E0	-Qa؃ֳR7rL8ft5`2vO>dbz@sKvj]݄0Jg6	Ő(\0#٤Y̰s$oسl7\0~zg.\Z\0q\0H$ɋ{vw2P2g1SE?\\8I͵>0I77ZП%Gjm3fv֟lKsm8\0ؔ***߱\0-\r].\0\0\0\0IENDB`'),('Ua0ac6b70d3611ea9d3d4665941dbf3f7','Even(Yves)',NULL,NULL,NULL,'PNG\r\n\Z\n\0\0\0\rIHDR\0\0W\0\0W\0\0\0\0>J0\0\0+IDATx@D\rg\0lL&\nx3Lz2fKM6{5\'h]J\r+%Fc5Xc5Xc5v@Lp9h?AdY\rcSIp@˚ꏹ%oX؞}Qɐd,6ap\Z rُŽS7M\r{cI!$UOmgDwI\0ĀEְ<rH&Uq9հs֠R@&)YS!UgK=\0NI]Z:gn5T1`7;2gQNma\r;a9=Ԡf9[6\0Rii=;n8IrCyg=@&_@+s<=\".4è泵njPQR*:ups<ѳ=gG20o!)AjQc[cHWn>li=ѬIu;ݳS| ~lgוC)N̳֞5,\\h;\0\nl	Ttm\0l\\\Zk\ZkwSdX\0\0\0\0IENDB`'),('Uaefa84530bef60672e135c6cee89341d','Leroy',NULL,NULL,NULL,'PNG\r\n\Z\n\0\0\0\rIHDR\0\0r\0\0r\0\0\0\0_l\0\0|IDATxA0EE,m()72\r2?däv,Z~T*_ۗpx7xz\0\"2̒Nc| IF@,\";p$I>c3uLM\\=\\}xK$.c1\0:%ӞsN\0p:$	|șz?WKJ	nw!Ev_\nw.Epxt#EE05O#]\"Xwb2!xjoz	Gu:_rߚ\0XLJN|5c>D\rN}\0f_\n7IoNjan:p*o6VƱ{<No|IXjNWgouoA~<ꁪ\r?x ٫7Q\0y_MO\ZwҶ>oO&p\"DL=	*|r%|7/Btuq>7χw_6R\n߿t¸xuZSv$6m%Mds|ԨA}IR1[mo1g8\0\0\0\0IENDB`'),('Uc12878ff30adabf6f390bbad29147153','Thomas',NULL,NULL,NULL,'PNG\r\n\Z\n\0\0\0\rIHDR\0\0W\0\0W\0\0\0\0>J0\0\0CIDATx͍@<+o8ΌIe3@p	w`}2z]Z~+~\Zk\Zk\Zk؉$yIŰ;K#\ZF˃\"%0ݱTÔӦ1쒝Y\r\"6ٯw7F1썅\Z$qmP|T+1B$	\0#KI7a=0-^ىNd\'9.א7b	ȳ(4>4÷(\"୞Z\ZɥL|k><7g3o946T\"\rVtg\"@PzTU[={\"ς$*HjSY\\2\0GJ\0U9t`ͳg=<8).\"G\'l-\07y(fMQa}WM`{줺UlUZ\0L*\0H<{5`D\n[]\0pDsJ;Z3Iڐg5J̳w=ճYƪ<W!_l(єtC֜%t>}(uSVא:]`iu7Xc5Xc5(~9\0\0\0\0IENDB`'),('Uc132d7550826d16f3d86f60a24aaae20','LiYu Hsu',NULL,NULL,NULL,'PNG\r\n\Z\n\0\0\0\rIHDR\0\0W\0\0W\0\0\0\0>J0\0\0=IDATxMn@2H=;|||3707hY@<6lM?YOiW×QpYguYguYgwffvfvX~;F33ݱA k5T$ثY݊f촩]c\0lbԞÏfѢ!HT!RYO؛ch;6켡}<{W_ARϳ5;.s=Q[~+,o\r,\ZB<[ud}QKJH٫cVIRҲGg\r65{+L	Cm$M=}i R|ǾjMA3;Bv˘}0eJ4eR6P[tpAkюTQ9Ӧv>k)닮Ug)|*{`:X{BZN5\0>Ӯuϳ17|\r<^T4wJ	z%%DP|{;pzʞ~~~}ɳ\'B\r~6_gV>OkR{wy[*ͣm.;묳:묳:VA>\0\0\0\0IENDB`'),('Uc72bfd5a14b0e6bd6d8a8e78491b6ca3','???',NULL,NULL,NULL,'PNG\r\n\Z\n\0\0\0\rIHDR\0\0W\0\0W\0\0\0\0>J0\0\0LIDATxA@Ef׾ G`n֝$7evk$8ؚRcRuU@ϊO***\0i)\08-X\"\"\"0+`f$h߿C(\\6NIjz,\"աe\n0lpiY\\Ϳ,i6$)3PaBۈ\n~_\0 m+1ۋ{\r}ĚnwҘ]t3Be2\0p1<{Ǝ)lWRXR8CZl,O(\\\\cn#=$ޞ e~\rֳ\"v0X@i׾\0 fm\"Y3$2\Zl~<l[+`1VUl6.r!Aw>bEdɧ;C\nmX7f`[^\r3lh>~>Ȃd6s|\ZR\0Tux4؛\08Y\Zt[yv|w_g ~=$Ngŵ}Sپٿ=wh6[GDD\0	bඎp4XwݕUVYeUVYeUc#Ib\0\0\0\0IENDB`'),('Ucfe8ccde71931f874b974c3b7221ad84','Peihan',NULL,NULL,NULL,'PNG\r\n\Z\n\0\0\0\rIHDR\0\0W\0\0W\0\0\0\0>J0\0\0BIDATx@E_UPaCaL		\0n\n}\0I,=aQC]z{d(8묳:묳:묳;`ffv\n^Zdff6awl$/-B$0ݱY\"SLk-q5;m\Z.K^en1<;{\\|gj42qV&hR$J\0EU}.bf\r 3ưg3UTS($rUY=[jHuBCtsn4uKE\0͵5$u)Ӽg7=u\0CQx-*kwcP]3Jz\0&5YKiwϳ_ԏFP瀵uӴPHCSկ}<+jʩaz@hxøM8=y\rΧMckA\Z[AM9-l;ўbb\'8_q?U]i5.MQ}FHM3(*WBBKjƝʆlIG81<9~wRE&\0n=i)j5\ZV2:묳:묳w/@O\0\0\0\0IENDB`'),('Udf8f1c512878156d2bf8d0051d4f2429','OoO',NULL,NULL,NULL,'PNG\r\n\Z\n\0\0\0\rIHDR\0\0W\0\0W\0\0\0\0>J0\0\0)IDATxM0B$#7 7#87WHkFz+&h6[J\rJ\Zk\Zk\Z{\0M</xA-ñ$}j^%1ñ/#i^7Ox]c8$d^?=o\",vh,+Đֹ<ֹ\'7]lK\0\0<Hc`<DLT-$=IP^y/S?$5T뺛Me*\0Y%DZ3*tcHUqy6jVy	d _.٠|V\Z%H\n˳-i\0b+g\Zn(85[>M$ʂcSg}̳枕\0\Z(b24l]lТ6̉cw364	Hk8E\0}Y?\n]T(C5/py?[Ь6%QM݁٦f&R1\\9l\rφ1Ǥ֞PĤ*<[h8eךg+MC\00g7?EXc5Xc5Xc;}\0\0\0\0IENDB`'),('Ue5148dd83b43580ee1b47aa93a371244','Jason',NULL,NULL,NULL,'PNG\r\n\Z\n\0\0\0\rIHDR\0\0W\0\0W\0\0\0\0>J0\0\0:IDATxA0E.}AAs$\'&hX\n[|\\e!wo***v \0ʾ\"\"\"~5a!IV\'08\0|Dz&Wpd/=cN(\"~KZH6N|\00;w9a5&Ųq^ahM&\0GI\0-H`\n/\0;6+z{{?ӆz,%y6i7`dVҏE,hm.5}(\"W?.\0}e\0=L}O`絙W-\'#<h=n?;oJB31ڀfv8И-4J#dZK@8R1O<:k<l`@`kCt5f/\"vG\06@z83jye37⽒imtqPjm>\Z,\0]dZh|\Z\0KRy;-PP\r\04`G7ɯa&RP]];+n$E7z|*+**?͂,T*\0\0\0\0IENDB`'),('Uef7546599902de083b6bbe1d85821323','shiki',NULL,NULL,NULL,'PNG\r\n\Z\n\0\0\0\rIHDR\0\0W\0\0W\0\0\0\0>J0\0\0AIDATx;@D_3*s80{37pCgT`)귢Ĵhwe^Phtd(8묳:묳:묳`ffbobO{ۀY Il5ԀIR=ű;{ۤ\\?ͬ>|>\Z~Xg h=<4$:8Ϫ#1<bffʖ23{2sԕ&}vlRJ#EW`@5p\Zd-)F]#bUe&KcfВyGl=]ot\rHjc+$)fS]J֒Tf{zgkNLjVW,*O#@#zMt]:^;Bj|$V[2aͻP%BjRg\']լ7&i1\nyvGz>fR\'\0-yEx]g޾kBy6աX50j5{i(vciPYYOgs<+g5Xʒ7:묳:묳:߱\0{\0\0\0\0IENDB`'),('Uf0bca333372b3950aa8b82afdac9a6f3','??',NULL,NULL,NULL,'PNG\r\n\Z\n\0\0\0\rIHDR\0\0r\0\0r\0\0\0\0_l\0\0{IDATxMn0F_\rHY\Z)Q7(}Hf蛅m$ӊBH#U-(îgl)wywx+0\rƺv7$)Ǟ4$c١6_w*kyc)L@`xSqk|YOr\"}q{ Ի&G]I8)?YW^TsNx{?iV0oW?yHTc-㹅k͖/{V<DԄ SeR\"wlm^hE49\\ߣ>c*z,	v2¥G[נ^[\Z^.K-]+)-Uo<FI_ FNRּgXэ*U%h߿G䋾ts \'(=zf=$_eJYժt~Wzoޡkfu=(`|V\n%ry |4c54,mPre=\Zߵ-\"Y7*m9+[Є~¿$%ۉx^)wmo,b\\_L0Ww?Sb׮?w~cIwy߀w*	\0\0\0\0IENDB`');
/*!40000 ALTER TABLE `membersInfo` ENABLE KEYS */;
UNLOCK TABLES;

--
-- Table structure for table `productTable`
--

DROP TABLE IF EXISTS `productTable`;
/*!40101 SET @saved_cs_client     = @@character_set_client */;
/*!40101 SET character_set_client = utf8 */;
CREATE TABLE `productTable` (
  `productID` varchar(45) NOT NULL,
  `productName` varchar(45) NOT NULL,
  `productUnitPrice` int(11) NOT NULL,
  PRIMARY KEY (`productID`)
) ENGINE=InnoDB DEFAULT CHARSET=latin1;
/*!40101 SET character_set_client = @saved_cs_client */;

--
-- Dumping data for table `productTable`
--

LOCK TABLES `productTable` WRITE;
/*!40000 ALTER TABLE `productTable` DISABLE KEYS */;
INSERT INTO `productTable` VALUES ('1','Salt',40),('2','Sauce',50),('3','Egg',30),('4','Chicken',150),('5','Pork',170),('6','Flour',75),('7','OliveOil',120),('8','Cream',100);
/*!40000 ALTER TABLE `productTable` ENABLE KEYS */;
UNLOCK TABLES;

--
-- Table structure for table `transaction`
--

DROP TABLE IF EXISTS `transaction`;
/*!40101 SET @saved_cs_client     = @@character_set_client */;
/*!40101 SET character_set_client = utf8 */;
CREATE TABLE `transaction` (
  `orderID` varchar(45) NOT NULL,
  `productID` int(11) NOT NULL,
  `userID` varchar(45) NOT NULL,
  `productQTY` int(11) NOT NULL,
  `datetime` datetime NOT NULL
) ENGINE=InnoDB DEFAULT CHARSET=latin1;
/*!40101 SET character_set_client = @saved_cs_client */;

--
-- Dumping data for table `transaction`
--

LOCK TABLES `transaction` WRITE;
/*!40000 ALTER TABLE `transaction` DISABLE KEYS */;
INSERT INTO `transaction` VALUES ('1549410042',1,'U7173dc299af6ac3fe7697a75c2a280ad',2,'2019-02-06 07:40:42'),('1549410042',3,'U7173dc299af6ac3fe7697a75c2a280ad',1,'2019-02-06 07:40:42'),('1549410042',7,'U7173dc299af6ac3fe7697a75c2a280ad',1,'2019-02-06 07:40:42'),('1549400042',2,'Udf8f1c512878156d2bf8d0051d4f2429',1,'2019-02-06 04:54:02'),('1549400042',3,'Udf8f1c512878156d2bf8d0051d4f2429',1,'2019-02-06 04:54:02'),('1549400042',5,'Udf8f1c512878156d2bf8d0051d4f2429',2,'2019-02-06 04:54:02'),('1549430042',1,'Udf8f1c512878156d2bf8d0051d4f2429',2,'2019-02-06 13:14:02'),('1549430042',6,'Udf8f1c512878156d2bf8d0051d4f2429',1,'2019-02-06 13:14:02'),('1549430042',7,'Udf8f1c512878156d2bf8d0051d4f2429',2,'2019-02-06 13:14:02'),('1549300042',2,'Udf8f1c512878156d2bf8d0051d4f2429',1,'2019-02-05 01:07:22'),('1549300042',3,'Udf8f1c512878156d2bf8d0051d4f2429',1,'2019-02-05 01:07:22'),('1549300042',4,'Udf8f1c512878156d2bf8d0051d4f2429',1,'2019-02-05 01:07:22'),('1549350042',5,'Udf8f1c512878156d2bf8d0051d4f2429',1,'2019-02-05 15:00:42'),('1549305042',6,'U7173dc299af6ac3fe7697a75c2a280ad',1,'2019-02-05 02:30:42'),('1549305042',7,'U7173dc299af6ac3fe7697a75c2a280ad',1,'2019-02-05 02:30:42'),('1549305042',8,'U7173dc299af6ac3fe7697a75c2a280ad',2,'2019-02-05 02:30:42'),('1549410041',1,'U7173dc299af6ac3fe7697a75c2a280ad',2,'2019-02-06 07:40:41'),('1549410041',2,'U7173dc299af6ac3fe7697a75c2a280ad',1,'2019-02-06 07:40:41'),('1549410041',4,'U7173dc299af6ac3fe7697a75c2a280ad',2,'2019-02-06 07:40:41'),('1549410041',5,'U7173dc299af6ac3fe7697a75c2a280ad',3,'2019-02-06 07:40:41'),('1549410041',6,'U7173dc299af6ac3fe7697a75c2a280ad',1,'2019-02-06 07:40:41'),('1549410041',8,'U7173dc299af6ac3fe7697a75c2a280ad',2,'2019-02-06 07:40:41'),('1548300042',1,'U7173dc299af6ac3fe7697a75c2a280ad',1,'2019-01-24 11:20:42'),('1548300042',3,'U7173dc299af6ac3fe7697a75c2a280ad',1,'2019-01-24 11:20:42'),('1548300042',4,'U7173dc299af6ac3fe7697a75c2a280ad',2,'2019-01-24 11:20:42'),('1548300042',5,'U7173dc299af6ac3fe7697a75c2a280ad',2,'2019-01-24 11:20:42'),('1549201042',2,'U7173dc299af6ac3fe7697a75c2a280ad',1,'2019-02-03 21:37:22'),('1549201042',7,'U7173dc299af6ac3fe7697a75c2a280ad',1,'2019-02-03 21:37:22'),('1549201042',8,'U7173dc299af6ac3fe7697a75c2a280ad',2,'2019-02-03 21:37:22'),('1548410041',1,'Ua0ac6b70d3611ea9d3d4665941dbf3f7',2,'2019-01-25 17:54:01'),('1548410041',2,'Ua0ac6b70d3611ea9d3d4665941dbf3f7',1,'2019-01-25 17:54:01'),('1548410041',4,'Ua0ac6b70d3611ea9d3d4665941dbf3f7',2,'2019-01-25 17:54:01'),('1548410041',5,'Ua0ac6b70d3611ea9d3d4665941dbf3f7',3,'2019-01-25 17:54:01'),('1548410041',6,'Ua0ac6b70d3611ea9d3d4665941dbf3f7',1,'2019-01-25 17:54:01'),('1548410041',8,'Ua0ac6b70d3611ea9d3d4665941dbf3f7',2,'2019-01-25 17:54:01'),('1547301042',1,'Ua0ac6b70d3611ea9d3d4665941dbf3f7',1,'2019-01-12 21:50:42'),('1547301042',3,'Ua0ac6b70d3611ea9d3d4665941dbf3f7',1,'2019-01-12 21:50:42'),('1547301042',4,'Ua0ac6b70d3611ea9d3d4665941dbf3f7',2,'2019-01-12 21:50:42'),('1547301042',5,'Ua0ac6b70d3611ea9d3d4665941dbf3f7',2,'2019-01-12 21:50:42'),('1548103051',2,'Ua0ac6b70d3611ea9d3d4665941dbf3f7',1,'2019-01-22 04:37:31'),('1548103051',7,'Ua0ac6b70d3611ea9d3d4665941dbf3f7',1,'2019-01-22 04:37:31'),('1548103051',8,'Ua0ac6b70d3611ea9d3d4665941dbf3f7',2,'2019-01-22 04:37:31'),('1538400021',1,'U26c1d062b5768c0ab8721698973d67b1',2,'2018-10-01 21:20:21'),('1538400021',2,'U26c1d062b5768c0ab8721698973d67b1',1,'2018-10-01 21:20:21'),('1538400021',4,'U26c1d062b5768c0ab8721698973d67b1',2,'2018-10-01 21:20:21'),('1538400021',5,'U26c1d062b5768c0ab8721698973d67b1',3,'2018-10-01 21:20:21'),('1538400021',6,'U26c1d062b5768c0ab8721698973d67b1',1,'2018-10-01 21:20:21'),('1538400021',8,'U26c1d062b5768c0ab8721698973d67b1',2,'2018-10-01 21:20:21'),('1546260012',1,'U26c1d062b5768c0ab8721698973d67b1',1,'2018-12-31 20:40:12'),('1546260012',3,'U26c1d062b5768c0ab8721698973d67b1',1,'2018-12-31 20:40:12'),('1546260012',4,'U26c1d062b5768c0ab8721698973d67b1',2,'2018-12-31 20:40:12'),('1546260012',5,'U26c1d062b5768c0ab8721698973d67b1',2,'2018-12-31 20:40:12'),('1541000050',2,'U26c1d062b5768c0ab8721698973d67b1',1,'2018-10-31 23:34:10'),('1541000050',7,'U26c1d062b5768c0ab8721698973d67b1',1,'2018-10-31 23:34:10'),('1541000050',8,'U26c1d062b5768c0ab8721698973d67b1',2,'2018-10-31 23:34:10');
/*!40000 ALTER TABLE `transaction` ENABLE KEYS */;
UNLOCK TABLES;
/*!40103 SET TIME_ZONE=@OLD_TIME_ZONE */;

/*!40101 SET SQL_MODE=@OLD_SQL_MODE */;
/*!40014 SET FOREIGN_KEY_CHECKS=@OLD_FOREIGN_KEY_CHECKS */;
/*!40014 SET UNIQUE_CHECKS=@OLD_UNIQUE_CHECKS */;
/*!40101 SET CHARACTER_SET_CLIENT=@OLD_CHARACTER_SET_CLIENT */;
/*!40101 SET CHARACTER_SET_RESULTS=@OLD_CHARACTER_SET_RESULTS */;
/*!40101 SET COLLATION_CONNECTION=@OLD_COLLATION_CONNECTION */;
/*!40111 SET SQL_NOTES=@OLD_SQL_NOTES */;

-- Dump completed on 2019-02-16 18:04:18
